label_type,n_clusters,silhouette,calinski_harabasz,davies_bouldin
BMI_Only,4,0.5020849116052047,10557.54345228791,0.5319740017077474
BMI_Glucose,4,0.3030311877159141,2915.1148240296666,0.9523375734944266
Metabolic_Syndrome,5,-0.05715424677172452,107.42689577818074,6.6270081742256055
Binary_Clinical,2,0.011219257820087094,59.26990806658659,1.619259244567727
PCA_Optimized_Clinical,3,0.012287955424231004,172.52778924457394,5.098230248123368
