features,score,n_clusters
BMI Only,0.6533091870649097,2
BMI + euclidean,0.6533091870649097,2
BMI + manhattan,0.6533091870649097,2
BMI + cosine,0.5588840836021037,2
BMI + Waist,0.5099229747471054,2
BMI + Age,0.5075419288938903,2
BMI + Glucose,0.5072019870675194,2
