Clusters,Silhouette
2,0.07334779847847572
3,0.06861473370182403
4,0.06903549411509788
5,0.06812957911096826
6,0.07010813057218128
7,0.07018044516750233
8,0.07220800330789298
9,0.07329368398570982
